{
  "20150510_085306": {
    "input": {
      "parameters": {
        "seed": 1337,
        "orderSize": 100
      },
      "strategy": "zero_intelligence"
    },
    "result": {
      "id": "20150510_085306",
      "position": {
        "current": 2305,
        "min": -16,
        "max": 2305
      },
      "balance": {
        "current": -2.785943E+7,
        "min": -2.785943E+7,
        "max": 193440.0
      },
      "pnl": {
        "current": -130280.0,
        "min": -131090.0,
        "max": 11180.0
      },
      "trades": 1369,
      "timestamp": "20150510_085308",
      "duration_ms": 1992
    },
    "resultGraphs": ["pnl", "position"]
  }
}