{
  "20150510_085306": {
    "input": {
      "parameters": {
        "seed": 1337,
        "orderSize": 100
      },
      "strategy": "zero_intelligence"
    },
    "result": {
      "id": "20150510_085306",
      "position": {
        "current": 1574,
        "min": -182,
        "max": 1574
      },
      "balance": {
        "current": -1.954228E+7,
        "min": -1.954228E+7,
        "max": 2244200.0
      },
      "pnl": {
        "current": 54020.0,
        "min": -13350.0,
        "max": 76300.0
      },
      "trades": 1424,
      "timestamp": "20150510_085311",
      "duration_ms": 675
    },
    "resultGraphs": ["pnl", "position"]
  }
}