{
  "20150510_085306": {
    "input": {
      "parameters": {
        "seed": 1337,
        "orderSize": 100
      },
      "strategy": "zero_intelligence"
    },
    "result": {
      "id": "20150510_085306",
      "position": {
        "current": 3005,
        "min": -209,
        "max": 3005
      },
      "balance": {
        "current": -4.035311E+7,
        "min": -4.035311E+7,
        "max": 2798720.0
      },
      "pnl": {
        "current": 34090.0,
        "min": -59100.0,
        "max": 154290.0
      },
      "trades": 1712,
      "timestamp": "20150510_085308",
      "duration_ms": 2228
    },
    "resultGraphs": ["pnl", "position"]
  }
}