{
  "20150510_085338": {
    "input": {
      "parameters": {
        "maxPositionSize": 10000,
        "orderSize": 1000
      },
      "strategy": "simplest_bidask_price_linear_order_sizing"
    },
    "result": {
      "id": "20150510_085338",
      "position": {
        "current": 8635,
        "min": -1256,
        "max": 8635
      },
      "balance": {
        "current": -1.0441925E+8,
        "min": -1.0441925E+8,
        "max": 1.520272E+7
      },
      "pnl": {
        "current": -194800.0,
        "min": -194800.0,
        "max": 0.0
      },
      "trades": 2363,
      "timestamp": "20150510_085340",
      "duration_ms": 2247
    },
    "resultGraphs": ["pnl", "position"]
  }
}